,0
0,/Users/georgetzanetakis/data/sound/genres/pop/pop.00027.wav
1,/Users/georgetzanetakis/data/sound/genres/pop/pop.00033.wav
2,/Users/georgetzanetakis/data/sound/genres/pop/pop.00032.wav
3,/Users/georgetzanetakis/data/sound/genres/pop/pop.00026.wav
4,/Users/georgetzanetakis/data/sound/genres/pop/pop.00030.wav
5,/Users/georgetzanetakis/data/sound/genres/pop/pop.00024.wav
6,/Users/georgetzanetakis/data/sound/genres/pop/pop.00018.wav
7,/Users/georgetzanetakis/data/sound/genres/pop/pop.00019.wav
8,/Users/georgetzanetakis/data/sound/genres/pop/pop.00025.wav
9,/Users/georgetzanetakis/data/sound/genres/pop/pop.00031.wav
10,/Users/georgetzanetakis/data/sound/genres/pop/pop.00009.wav
11,/Users/georgetzanetakis/data/sound/genres/pop/pop.00035.wav
12,/Users/georgetzanetakis/data/sound/genres/pop/pop.00021.wav
13,/Users/georgetzanetakis/data/sound/genres/pop/pop.00020.wav
14,/Users/georgetzanetakis/data/sound/genres/pop/pop.00034.wav
15,/Users/georgetzanetakis/data/sound/genres/pop/pop.00008.wav
16,/Users/georgetzanetakis/data/sound/genres/pop/pop.00022.wav
17,/Users/georgetzanetakis/data/sound/genres/pop/pop.00036.wav
18,/Users/georgetzanetakis/data/sound/genres/pop/pop.00037.wav
19,/Users/georgetzanetakis/data/sound/genres/pop/pop.00023.wav
20,/Users/georgetzanetakis/data/sound/genres/pop/pop.00044.wav
21,/Users/georgetzanetakis/data/sound/genres/pop/pop.00050.wav
22,/Users/georgetzanetakis/data/sound/genres/pop/pop.00078.wav
23,/Users/georgetzanetakis/data/sound/genres/pop/pop.00087.wav
24,/Users/georgetzanetakis/data/sound/genres/pop/pop.00093.wav
25,/Users/georgetzanetakis/data/sound/genres/pop/pop.00092.wav
26,/Users/georgetzanetakis/data/sound/genres/pop/pop.00086.wav
27,/Users/georgetzanetakis/data/sound/genres/pop/pop.00079.wav
28,/Users/georgetzanetakis/data/sound/genres/pop/pop.00051.wav
29,/Users/georgetzanetakis/data/sound/genres/pop/pop.00045.wav
30,/Users/georgetzanetakis/data/sound/genres/pop/pop.00053.wav
31,/Users/georgetzanetakis/data/sound/genres/pop/pop.00047.wav
32,/Users/georgetzanetakis/data/sound/genres/pop/pop.00090.wav
33,/Users/georgetzanetakis/data/sound/genres/pop/pop.00084.wav
34,/Users/georgetzanetakis/data/sound/genres/pop/pop.00085.wav
35,/Users/georgetzanetakis/data/sound/genres/pop/pop.00091.wav
36,/Users/georgetzanetakis/data/sound/genres/pop/pop.00046.wav
37,/Users/georgetzanetakis/data/sound/genres/pop/pop.00052.wav
38,/Users/georgetzanetakis/data/sound/genres/pop/pop.00056.wav
39,/Users/georgetzanetakis/data/sound/genres/pop/pop.00042.wav
40,/Users/georgetzanetakis/data/sound/genres/pop/pop.00095.wav
41,/Users/georgetzanetakis/data/sound/genres/pop/pop.00081.wav
42,/Users/georgetzanetakis/data/sound/genres/pop/pop.00080.wav
43,/Users/georgetzanetakis/data/sound/genres/pop/pop.00094.wav
44,/Users/georgetzanetakis/data/sound/genres/pop/pop.00043.wav
45,/Users/georgetzanetakis/data/sound/genres/pop/pop.00057.wav
46,/Users/georgetzanetakis/data/sound/genres/pop/pop.00069.wav
47,/Users/georgetzanetakis/data/sound/genres/pop/pop.00041.wav
48,/Users/georgetzanetakis/data/sound/genres/pop/pop.00055.wav
49,/Users/georgetzanetakis/data/sound/genres/pop/pop.00082.wav
50,/Users/georgetzanetakis/data/sound/genres/pop/pop.00096.wav
51,/Users/georgetzanetakis/data/sound/genres/pop/pop.00097.wav
52,/Users/georgetzanetakis/data/sound/genres/pop/pop.00083.wav
53,/Users/georgetzanetakis/data/sound/genres/pop/pop.00054.wav
54,/Users/georgetzanetakis/data/sound/genres/pop/pop.00040.wav
55,/Users/georgetzanetakis/data/sound/genres/pop/pop.00068.wav
56,/Users/georgetzanetakis/data/sound/genres/pop/pop.00065.wav
57,/Users/georgetzanetakis/data/sound/genres/pop/pop.00071.wav
58,/Users/georgetzanetakis/data/sound/genres/pop/pop.00059.wav
59,/Users/georgetzanetakis/data/sound/genres/pop/pop.00058.wav
60,/Users/georgetzanetakis/data/sound/genres/pop/pop.00070.wav
61,/Users/georgetzanetakis/data/sound/genres/pop/pop.00064.wav
62,/Users/georgetzanetakis/data/sound/genres/pop/pop.00072.wav
63,/Users/georgetzanetakis/data/sound/genres/pop/pop.00066.wav
64,/Users/georgetzanetakis/data/sound/genres/pop/pop.00099.wav
65,/Users/georgetzanetakis/data/sound/genres/pop/pop.00098.wav
66,/Users/georgetzanetakis/data/sound/genres/pop/pop.00067.wav
67,/Users/georgetzanetakis/data/sound/genres/pop/pop.00073.wav
68,/Users/georgetzanetakis/data/sound/genres/pop/pop.00077.wav
69,/Users/georgetzanetakis/data/sound/genres/pop/pop.00063.wav
70,/Users/georgetzanetakis/data/sound/genres/pop/pop.00088.wav
71,/Users/georgetzanetakis/data/sound/genres/pop/pop.00089.wav
72,/Users/georgetzanetakis/data/sound/genres/pop/pop.00062.wav
73,/Users/georgetzanetakis/data/sound/genres/pop/pop.00076.wav
74,/Users/georgetzanetakis/data/sound/genres/pop/pop.00048.wav
75,/Users/georgetzanetakis/data/sound/genres/pop/pop.00060.wav
76,/Users/georgetzanetakis/data/sound/genres/pop/pop.00074.wav
77,/Users/georgetzanetakis/data/sound/genres/pop/pop.00075.wav
78,/Users/georgetzanetakis/data/sound/genres/pop/pop.00061.wav
79,/Users/georgetzanetakis/data/sound/genres/pop/pop.00049.wav
80,/Users/georgetzanetakis/data/sound/genres/pop/pop.00006.wav
81,/Users/georgetzanetakis/data/sound/genres/pop/pop.00012.wav
82,/Users/georgetzanetakis/data/sound/genres/pop/pop.00013.wav
83,/Users/georgetzanetakis/data/sound/genres/pop/pop.00007.wav
84,/Users/georgetzanetakis/data/sound/genres/pop/pop.00011.wav
85,/Users/georgetzanetakis/data/sound/genres/pop/pop.00005.wav
86,/Users/georgetzanetakis/data/sound/genres/pop/pop.00039.wav
87,/Users/georgetzanetakis/data/sound/genres/pop/pop.00038.wav
88,/Users/georgetzanetakis/data/sound/genres/pop/pop.00004.wav
89,/Users/georgetzanetakis/data/sound/genres/pop/pop.00010.wav
90,/Users/georgetzanetakis/data/sound/genres/pop/pop.00028.wav
91,/Users/georgetzanetakis/data/sound/genres/pop/pop.00014.wav
92,/Users/georgetzanetakis/data/sound/genres/pop/pop.00000.wav
93,/Users/georgetzanetakis/data/sound/genres/pop/pop.00001.wav
94,/Users/georgetzanetakis/data/sound/genres/pop/pop.00015.wav
95,/Users/georgetzanetakis/data/sound/genres/pop/pop.00029.wav
96,/Users/georgetzanetakis/data/sound/genres/pop/pop.00003.wav
97,/Users/georgetzanetakis/data/sound/genres/pop/pop.00017.wav
98,/Users/georgetzanetakis/data/sound/genres/pop/pop.00016.wav
99,/Users/georgetzanetakis/data/sound/genres/pop/pop.00002.wav
100,/Users/georgetzanetakis/data/sound/genres/metal/metal.00022.wav
101,/Users/georgetzanetakis/data/sound/genres/metal/metal.00036.wav
102,/Users/georgetzanetakis/data/sound/genres/metal/metal.00037.wav
103,/Users/georgetzanetakis/data/sound/genres/metal/metal.00023.wav
104,/Users/georgetzanetakis/data/sound/genres/metal/metal.00009.wav
105,/Users/georgetzanetakis/data/sound/genres/metal/metal.00035.wav
106,/Users/georgetzanetakis/data/sound/genres/metal/metal.00021.wav
107,/Users/georgetzanetakis/data/sound/genres/metal/metal.00020.wav
108,/Users/georgetzanetakis/data/sound/genres/metal/metal.00034.wav
109,/Users/georgetzanetakis/data/sound/genres/metal/metal.00008.wav
110,/Users/georgetzanetakis/data/sound/genres/metal/metal.00030.wav
111,/Users/georgetzanetakis/data/sound/genres/metal/metal.00024.wav
112,/Users/georgetzanetakis/data/sound/genres/metal/metal.00018.wav
113,/Users/georgetzanetakis/data/sound/genres/metal/metal.00019.wav
114,/Users/georgetzanetakis/data/sound/genres/metal/metal.00025.wav
115,/Users/georgetzanetakis/data/sound/genres/metal/metal.00031.wav
116,/Users/georgetzanetakis/data/sound/genres/metal/metal.00027.wav
117,/Users/georgetzanetakis/data/sound/genres/metal/metal.00033.wav
118,/Users/georgetzanetakis/data/sound/genres/metal/metal.00032.wav
119,/Users/georgetzanetakis/data/sound/genres/metal/metal.00026.wav
120,/Users/georgetzanetakis/data/sound/genres/metal/metal.00082.wav
121,/Users/georgetzanetakis/data/sound/genres/metal/metal.00096.wav
122,/Users/georgetzanetakis/data/sound/genres/metal/metal.00069.wav
123,/Users/georgetzanetakis/data/sound/genres/metal/metal.00041.wav
124,/Users/georgetzanetakis/data/sound/genres/metal/metal.00055.wav
125,/Users/georgetzanetakis/data/sound/genres/metal/metal.00054.wav
126,/Users/georgetzanetakis/data/sound/genres/metal/metal.00040.wav
127,/Users/georgetzanetakis/data/sound/genres/metal/metal.00068.wav
128,/Users/georgetzanetakis/data/sound/genres/metal/metal.00097.wav
129,/Users/georgetzanetakis/data/sound/genres/metal/metal.00083.wav
130,/Users/georgetzanetakis/data/sound/genres/metal/metal.00095.wav
131,/Users/georgetzanetakis/data/sound/genres/metal/metal.00081.wav
132,/Users/georgetzanetakis/data/sound/genres/metal/metal.00056.wav
133,/Users/georgetzanetakis/data/sound/genres/metal/metal.00042.wav
134,/Users/georgetzanetakis/data/sound/genres/metal/metal.00043.wav
135,/Users/georgetzanetakis/data/sound/genres/metal/metal.00057.wav
136,/Users/georgetzanetakis/data/sound/genres/metal/metal.00080.wav
137,/Users/georgetzanetakis/data/sound/genres/metal/metal.00094.wav
138,/Users/georgetzanetakis/data/sound/genres/metal/metal.00090.wav
139,/Users/georgetzanetakis/data/sound/genres/metal/metal.00084.wav
140,/Users/georgetzanetakis/data/sound/genres/metal/metal.00053.wav
141,/Users/georgetzanetakis/data/sound/genres/metal/metal.00047.wav
142,/Users/georgetzanetakis/data/sound/genres/metal/metal.00046.wav
143,/Users/georgetzanetakis/data/sound/genres/metal/metal.00052.wav
144,/Users/georgetzanetakis/data/sound/genres/metal/metal.00085.wav
145,/Users/georgetzanetakis/data/sound/genres/metal/metal.00091.wav
146,/Users/georgetzanetakis/data/sound/genres/metal/metal.00087.wav
147,/Users/georgetzanetakis/data/sound/genres/metal/metal.00093.wav
148,/Users/georgetzanetakis/data/sound/genres/metal/metal.00044.wav
149,/Users/georgetzanetakis/data/sound/genres/metal/metal.00050.wav
150,/Users/georgetzanetakis/data/sound/genres/metal/metal.00078.wav
151,/Users/georgetzanetakis/data/sound/genres/metal/metal.00079.wav
152,/Users/georgetzanetakis/data/sound/genres/metal/metal.00051.wav
153,/Users/georgetzanetakis/data/sound/genres/metal/metal.00045.wav
154,/Users/georgetzanetakis/data/sound/genres/metal/metal.00092.wav
155,/Users/georgetzanetakis/data/sound/genres/metal/metal.00086.wav
156,/Users/georgetzanetakis/data/sound/genres/metal/metal.00048.wav
157,/Users/georgetzanetakis/data/sound/genres/metal/metal.00060.wav
158,/Users/georgetzanetakis/data/sound/genres/metal/metal.00074.wav
159,/Users/georgetzanetakis/data/sound/genres/metal/metal.00075.wav
160,/Users/georgetzanetakis/data/sound/genres/metal/metal.00061.wav
161,/Users/georgetzanetakis/data/sound/genres/metal/metal.00049.wav
162,/Users/georgetzanetakis/data/sound/genres/metal/metal.00088.wav
163,/Users/georgetzanetakis/data/sound/genres/metal/metal.00077.wav
164,/Users/georgetzanetakis/data/sound/genres/metal/metal.00063.wav
165,/Users/georgetzanetakis/data/sound/genres/metal/metal.00062.wav
166,/Users/georgetzanetakis/data/sound/genres/metal/metal.00076.wav
167,/Users/georgetzanetakis/data/sound/genres/metal/metal.00089.wav
168,/Users/georgetzanetakis/data/sound/genres/metal/metal.00099.wav
169,/Users/georgetzanetakis/data/sound/genres/metal/metal.00072.wav
170,/Users/georgetzanetakis/data/sound/genres/metal/metal.00066.wav
171,/Users/georgetzanetakis/data/sound/genres/metal/metal.00067.wav
172,/Users/georgetzanetakis/data/sound/genres/metal/metal.00073.wav
173,/Users/georgetzanetakis/data/sound/genres/metal/metal.00098.wav
174,/Users/georgetzanetakis/data/sound/genres/metal/metal.00065.wav
175,/Users/georgetzanetakis/data/sound/genres/metal/metal.00071.wav
176,/Users/georgetzanetakis/data/sound/genres/metal/metal.00059.wav
177,/Users/georgetzanetakis/data/sound/genres/metal/metal.00058.wav
178,/Users/georgetzanetakis/data/sound/genres/metal/metal.00070.wav
179,/Users/georgetzanetakis/data/sound/genres/metal/metal.00064.wav
180,/Users/georgetzanetakis/data/sound/genres/metal/metal.00003.wav
181,/Users/georgetzanetakis/data/sound/genres/metal/metal.00017.wav
182,/Users/georgetzanetakis/data/sound/genres/metal/metal.00016.wav
183,/Users/georgetzanetakis/data/sound/genres/metal/metal.00002.wav
184,/Users/georgetzanetakis/data/sound/genres/metal/metal.00028.wav
185,/Users/georgetzanetakis/data/sound/genres/metal/metal.00014.wav
186,/Users/georgetzanetakis/data/sound/genres/metal/metal.00000.wav
187,/Users/georgetzanetakis/data/sound/genres/metal/metal.00001.wav
188,/Users/georgetzanetakis/data/sound/genres/metal/metal.00015.wav
189,/Users/georgetzanetakis/data/sound/genres/metal/metal.00029.wav
190,/Users/georgetzanetakis/data/sound/genres/metal/metal.00011.wav
191,/Users/georgetzanetakis/data/sound/genres/metal/metal.00005.wav
192,/Users/georgetzanetakis/data/sound/genres/metal/metal.00039.wav
193,/Users/georgetzanetakis/data/sound/genres/metal/metal.00038.wav
194,/Users/georgetzanetakis/data/sound/genres/metal/metal.00004.wav
195,/Users/georgetzanetakis/data/sound/genres/metal/metal.00010.wav
196,/Users/georgetzanetakis/data/sound/genres/metal/metal.00006.wav
197,/Users/georgetzanetakis/data/sound/genres/metal/metal.00012.wav
198,/Users/georgetzanetakis/data/sound/genres/metal/metal.00013.wav
199,/Users/georgetzanetakis/data/sound/genres/metal/metal.00007.wav
200,/Users/georgetzanetakis/data/sound/genres/disco/disco.00052.wav
201,/Users/georgetzanetakis/data/sound/genres/disco/disco.00046.wav
202,/Users/georgetzanetakis/data/sound/genres/disco/disco.00091.wav
203,/Users/georgetzanetakis/data/sound/genres/disco/disco.00085.wav
204,/Users/georgetzanetakis/data/sound/genres/disco/disco.00084.wav
205,/Users/georgetzanetakis/data/sound/genres/disco/disco.00090.wav
206,/Users/georgetzanetakis/data/sound/genres/disco/disco.00047.wav
207,/Users/georgetzanetakis/data/sound/genres/disco/disco.00053.wav
208,/Users/georgetzanetakis/data/sound/genres/disco/disco.00045.wav
209,/Users/georgetzanetakis/data/sound/genres/disco/disco.00051.wav
210,/Users/georgetzanetakis/data/sound/genres/disco/disco.00079.wav
211,/Users/georgetzanetakis/data/sound/genres/disco/disco.00086.wav
212,/Users/georgetzanetakis/data/sound/genres/disco/disco.00092.wav
213,/Users/georgetzanetakis/data/sound/genres/disco/disco.00093.wav
214,/Users/georgetzanetakis/data/sound/genres/disco/disco.00087.wav
215,/Users/georgetzanetakis/data/sound/genres/disco/disco.00078.wav
216,/Users/georgetzanetakis/data/sound/genres/disco/disco.00050.wav
217,/Users/georgetzanetakis/data/sound/genres/disco/disco.00044.wav
218,/Users/georgetzanetakis/data/sound/genres/disco/disco.00068.wav
219,/Users/georgetzanetakis/data/sound/genres/disco/disco.00040.wav
220,/Users/georgetzanetakis/data/sound/genres/disco/disco.00054.wav
221,/Users/georgetzanetakis/data/sound/genres/disco/disco.00083.wav
222,/Users/georgetzanetakis/data/sound/genres/disco/disco.00097.wav
223,/Users/georgetzanetakis/data/sound/genres/disco/disco.00096.wav
224,/Users/georgetzanetakis/data/sound/genres/disco/disco.00082.wav
225,/Users/georgetzanetakis/data/sound/genres/disco/disco.00055.wav
226,/Users/georgetzanetakis/data/sound/genres/disco/disco.00041.wav
227,/Users/georgetzanetakis/data/sound/genres/disco/disco.00069.wav
228,/Users/georgetzanetakis/data/sound/genres/disco/disco.00057.wav
229,/Users/georgetzanetakis/data/sound/genres/disco/disco.00043.wav
230,/Users/georgetzanetakis/data/sound/genres/disco/disco.00094.wav
231,/Users/georgetzanetakis/data/sound/genres/disco/disco.00080.wav
232,/Users/georgetzanetakis/data/sound/genres/disco/disco.00081.wav
233,/Users/georgetzanetakis/data/sound/genres/disco/disco.00095.wav
234,/Users/georgetzanetakis/data/sound/genres/disco/disco.00042.wav
235,/Users/georgetzanetakis/data/sound/genres/disco/disco.00056.wav
236,/Users/georgetzanetakis/data/sound/genres/disco/disco.00031.wav
237,/Users/georgetzanetakis/data/sound/genres/disco/disco.00025.wav
238,/Users/georgetzanetakis/data/sound/genres/disco/disco.00019.wav
239,/Users/georgetzanetakis/data/sound/genres/disco/disco.00018.wav
240,/Users/georgetzanetakis/data/sound/genres/disco/disco.00024.wav
241,/Users/georgetzanetakis/data/sound/genres/disco/disco.00030.wav
242,/Users/georgetzanetakis/data/sound/genres/disco/disco.00026.wav
243,/Users/georgetzanetakis/data/sound/genres/disco/disco.00032.wav
244,/Users/georgetzanetakis/data/sound/genres/disco/disco.00033.wav
245,/Users/georgetzanetakis/data/sound/genres/disco/disco.00027.wav
246,/Users/georgetzanetakis/data/sound/genres/disco/disco.00023.wav
247,/Users/georgetzanetakis/data/sound/genres/disco/disco.00037.wav
248,/Users/georgetzanetakis/data/sound/genres/disco/disco.00036.wav
249,/Users/georgetzanetakis/data/sound/genres/disco/disco.00022.wav
250,/Users/georgetzanetakis/data/sound/genres/disco/disco.00008.wav
251,/Users/georgetzanetakis/data/sound/genres/disco/disco.00034.wav
252,/Users/georgetzanetakis/data/sound/genres/disco/disco.00020.wav
253,/Users/georgetzanetakis/data/sound/genres/disco/disco.00021.wav
254,/Users/georgetzanetakis/data/sound/genres/disco/disco.00035.wav
255,/Users/georgetzanetakis/data/sound/genres/disco/disco.00009.wav
256,/Users/georgetzanetakis/data/sound/genres/disco/disco.00010.wav
257,/Users/georgetzanetakis/data/sound/genres/disco/disco.00004.wav
258,/Users/georgetzanetakis/data/sound/genres/disco/disco.00038.wav
259,/Users/georgetzanetakis/data/sound/genres/disco/disco.00039.wav
260,/Users/georgetzanetakis/data/sound/genres/disco/disco.00005.wav
261,/Users/georgetzanetakis/data/sound/genres/disco/disco.00011.wav
262,/Users/georgetzanetakis/data/sound/genres/disco/disco.00007.wav
263,/Users/georgetzanetakis/data/sound/genres/disco/disco.00013.wav
264,/Users/georgetzanetakis/data/sound/genres/disco/disco.00012.wav
265,/Users/georgetzanetakis/data/sound/genres/disco/disco.00006.wav
266,/Users/georgetzanetakis/data/sound/genres/disco/disco.00002.wav
267,/Users/georgetzanetakis/data/sound/genres/disco/disco.00016.wav
268,/Users/georgetzanetakis/data/sound/genres/disco/disco.00017.wav
269,/Users/georgetzanetakis/data/sound/genres/disco/disco.00003.wav
270,/Users/georgetzanetakis/data/sound/genres/disco/disco.00029.wav
271,/Users/georgetzanetakis/data/sound/genres/disco/disco.00015.wav
272,/Users/georgetzanetakis/data/sound/genres/disco/disco.00001.wav
273,/Users/georgetzanetakis/data/sound/genres/disco/disco.00000.wav
274,/Users/georgetzanetakis/data/sound/genres/disco/disco.00014.wav
275,/Users/georgetzanetakis/data/sound/genres/disco/disco.00028.wav
276,/Users/georgetzanetakis/data/sound/genres/disco/disco.00073.wav
277,/Users/georgetzanetakis/data/sound/genres/disco/disco.00067.wav
278,/Users/georgetzanetakis/data/sound/genres/disco/disco.00098.wav
279,/Users/georgetzanetakis/data/sound/genres/disco/disco.00099.wav
280,/Users/georgetzanetakis/data/sound/genres/disco/disco.00066.wav
281,/Users/georgetzanetakis/data/sound/genres/disco/disco.00072.wav
282,/Users/georgetzanetakis/data/sound/genres/disco/disco.00064.wav
283,/Users/georgetzanetakis/data/sound/genres/disco/disco.00070.wav
284,/Users/georgetzanetakis/data/sound/genres/disco/disco.00058.wav
285,/Users/georgetzanetakis/data/sound/genres/disco/disco.00059.wav
286,/Users/georgetzanetakis/data/sound/genres/disco/disco.00071.wav
287,/Users/georgetzanetakis/data/sound/genres/disco/disco.00065.wav
288,/Users/georgetzanetakis/data/sound/genres/disco/disco.00049.wav
289,/Users/georgetzanetakis/data/sound/genres/disco/disco.00061.wav
290,/Users/georgetzanetakis/data/sound/genres/disco/disco.00075.wav
291,/Users/georgetzanetakis/data/sound/genres/disco/disco.00074.wav
292,/Users/georgetzanetakis/data/sound/genres/disco/disco.00060.wav
293,/Users/georgetzanetakis/data/sound/genres/disco/disco.00048.wav
294,/Users/georgetzanetakis/data/sound/genres/disco/disco.00076.wav
295,/Users/georgetzanetakis/data/sound/genres/disco/disco.00062.wav
296,/Users/georgetzanetakis/data/sound/genres/disco/disco.00089.wav
297,/Users/georgetzanetakis/data/sound/genres/disco/disco.00088.wav
298,/Users/georgetzanetakis/data/sound/genres/disco/disco.00063.wav
299,/Users/georgetzanetakis/data/sound/genres/disco/disco.00077.wav
300,/Users/georgetzanetakis/data/sound/genres/blues/blues.00093.wav
301,/Users/georgetzanetakis/data/sound/genres/blues/blues.00087.wav
302,/Users/georgetzanetakis/data/sound/genres/blues/blues.00050.wav
303,/Users/georgetzanetakis/data/sound/genres/blues/blues.00044.wav
304,/Users/georgetzanetakis/data/sound/genres/blues/blues.00078.wav
305,/Users/georgetzanetakis/data/sound/genres/blues/blues.00079.wav
306,/Users/georgetzanetakis/data/sound/genres/blues/blues.00045.wav
307,/Users/georgetzanetakis/data/sound/genres/blues/blues.00051.wav
308,/Users/georgetzanetakis/data/sound/genres/blues/blues.00086.wav
309,/Users/georgetzanetakis/data/sound/genres/blues/blues.00092.wav
310,/Users/georgetzanetakis/data/sound/genres/blues/blues.00084.wav
311,/Users/georgetzanetakis/data/sound/genres/blues/blues.00090.wav
312,/Users/georgetzanetakis/data/sound/genres/blues/blues.00047.wav
313,/Users/georgetzanetakis/data/sound/genres/blues/blues.00053.wav
314,/Users/georgetzanetakis/data/sound/genres/blues/blues.00052.wav
315,/Users/georgetzanetakis/data/sound/genres/blues/blues.00046.wav
316,/Users/georgetzanetakis/data/sound/genres/blues/blues.00091.wav
317,/Users/georgetzanetakis/data/sound/genres/blues/blues.00085.wav
318,/Users/georgetzanetakis/data/sound/genres/blues/blues.00081.wav
319,/Users/georgetzanetakis/data/sound/genres/blues/blues.00095.wav
320,/Users/georgetzanetakis/data/sound/genres/blues/blues.00042.wav
321,/Users/georgetzanetakis/data/sound/genres/blues/blues.00056.wav
322,/Users/georgetzanetakis/data/sound/genres/blues/blues.00057.wav
323,/Users/georgetzanetakis/data/sound/genres/blues/blues.00043.wav
324,/Users/georgetzanetakis/data/sound/genres/blues/blues.00094.wav
325,/Users/georgetzanetakis/data/sound/genres/blues/blues.00080.wav
326,/Users/georgetzanetakis/data/sound/genres/blues/blues.00096.wav
327,/Users/georgetzanetakis/data/sound/genres/blues/blues.00082.wav
328,/Users/georgetzanetakis/data/sound/genres/blues/blues.00069.wav
329,/Users/georgetzanetakis/data/sound/genres/blues/blues.00055.wav
330,/Users/georgetzanetakis/data/sound/genres/blues/blues.00041.wav
331,/Users/georgetzanetakis/data/sound/genres/blues/blues.00040.wav
332,/Users/georgetzanetakis/data/sound/genres/blues/blues.00054.wav
333,/Users/georgetzanetakis/data/sound/genres/blues/blues.00068.wav
334,/Users/georgetzanetakis/data/sound/genres/blues/blues.00083.wav
335,/Users/georgetzanetakis/data/sound/genres/blues/blues.00097.wav
336,/Users/georgetzanetakis/data/sound/genres/blues/blues.00033.wav
337,/Users/georgetzanetakis/data/sound/genres/blues/blues.00027.wav
338,/Users/georgetzanetakis/data/sound/genres/blues/blues.00026.wav
339,/Users/georgetzanetakis/data/sound/genres/blues/blues.00032.wav
340,/Users/georgetzanetakis/data/sound/genres/blues/blues.00024.wav
341,/Users/georgetzanetakis/data/sound/genres/blues/blues.00030.wav
342,/Users/georgetzanetakis/data/sound/genres/blues/blues.00018.wav
343,/Users/georgetzanetakis/data/sound/genres/blues/blues.00019.wav
344,/Users/georgetzanetakis/data/sound/genres/blues/blues.00031.wav
345,/Users/georgetzanetakis/data/sound/genres/blues/blues.00025.wav
346,/Users/georgetzanetakis/data/sound/genres/blues/blues.00009.wav
347,/Users/georgetzanetakis/data/sound/genres/blues/blues.00021.wav
348,/Users/georgetzanetakis/data/sound/genres/blues/blues.00035.wav
349,/Users/georgetzanetakis/data/sound/genres/blues/blues.00034.wav
350,/Users/georgetzanetakis/data/sound/genres/blues/blues.00020.wav
351,/Users/georgetzanetakis/data/sound/genres/blues/blues.00008.wav
352,/Users/georgetzanetakis/data/sound/genres/blues/blues.00036.wav
353,/Users/georgetzanetakis/data/sound/genres/blues/blues.00022.wav
354,/Users/georgetzanetakis/data/sound/genres/blues/blues.00023.wav
355,/Users/georgetzanetakis/data/sound/genres/blues/blues.00037.wav
356,/Users/georgetzanetakis/data/sound/genres/blues/blues.00012.wav
357,/Users/georgetzanetakis/data/sound/genres/blues/blues.00006.wav
358,/Users/georgetzanetakis/data/sound/genres/blues/blues.00007.wav
359,/Users/georgetzanetakis/data/sound/genres/blues/blues.00013.wav
360,/Users/georgetzanetakis/data/sound/genres/blues/blues.00005.wav
361,/Users/georgetzanetakis/data/sound/genres/blues/blues.00011.wav
362,/Users/georgetzanetakis/data/sound/genres/blues/blues.00039.wav
363,/Users/georgetzanetakis/data/sound/genres/blues/blues.00038.wav
364,/Users/georgetzanetakis/data/sound/genres/blues/blues.00010.wav
365,/Users/georgetzanetakis/data/sound/genres/blues/blues.00004.wav
366,/Users/georgetzanetakis/data/sound/genres/blues/blues.00028.wav
367,/Users/georgetzanetakis/data/sound/genres/blues/blues.00000.wav
368,/Users/georgetzanetakis/data/sound/genres/blues/blues.00014.wav
369,/Users/georgetzanetakis/data/sound/genres/blues/blues.00015.wav
370,/Users/georgetzanetakis/data/sound/genres/blues/blues.00001.wav
371,/Users/georgetzanetakis/data/sound/genres/blues/blues.00029.wav
372,/Users/georgetzanetakis/data/sound/genres/blues/blues.00017.wav
373,/Users/georgetzanetakis/data/sound/genres/blues/blues.00003.wav
374,/Users/georgetzanetakis/data/sound/genres/blues/blues.00002.wav
375,/Users/georgetzanetakis/data/sound/genres/blues/blues.00016.wav
376,/Users/georgetzanetakis/data/sound/genres/blues/blues.00071.wav
377,/Users/georgetzanetakis/data/sound/genres/blues/blues.00065.wav
378,/Users/georgetzanetakis/data/sound/genres/blues/blues.00059.wav
379,/Users/georgetzanetakis/data/sound/genres/blues/blues.00058.wav
380,/Users/georgetzanetakis/data/sound/genres/blues/blues.00064.wav
381,/Users/georgetzanetakis/data/sound/genres/blues/blues.00070.wav
382,/Users/georgetzanetakis/data/sound/genres/blues/blues.00099.wav
383,/Users/georgetzanetakis/data/sound/genres/blues/blues.00066.wav
384,/Users/georgetzanetakis/data/sound/genres/blues/blues.00072.wav
385,/Users/georgetzanetakis/data/sound/genres/blues/blues.00073.wav
386,/Users/georgetzanetakis/data/sound/genres/blues/blues.00067.wav
387,/Users/georgetzanetakis/data/sound/genres/blues/blues.00098.wav
388,/Users/georgetzanetakis/data/sound/genres/blues/blues.00088.wav
389,/Users/georgetzanetakis/data/sound/genres/blues/blues.00063.wav
390,/Users/georgetzanetakis/data/sound/genres/blues/blues.00077.wav
391,/Users/georgetzanetakis/data/sound/genres/blues/blues.00076.wav
392,/Users/georgetzanetakis/data/sound/genres/blues/blues.00062.wav
393,/Users/georgetzanetakis/data/sound/genres/blues/blues.00089.wav
394,/Users/georgetzanetakis/data/sound/genres/blues/blues.00048.wav
395,/Users/georgetzanetakis/data/sound/genres/blues/blues.00074.wav
396,/Users/georgetzanetakis/data/sound/genres/blues/blues.00060.wav
397,/Users/georgetzanetakis/data/sound/genres/blues/blues.00061.wav
398,/Users/georgetzanetakis/data/sound/genres/blues/blues.00075.wav
399,/Users/georgetzanetakis/data/sound/genres/blues/blues.00049.wav
400,/Users/georgetzanetakis/data/sound/genres/reggae/reggae.00080.wav
401,/Users/georgetzanetakis/data/sound/genres/reggae/reggae.00094.wav
402,/Users/georgetzanetakis/data/sound/genres/reggae/reggae.00043.wav
403,/Users/georgetzanetakis/data/sound/genres/reggae/reggae.00057.wav
404,/Users/georgetzanetakis/data/sound/genres/reggae/reggae.00056.wav
405,/Users/georgetzanetakis/data/sound/genres/reggae/reggae.00042.wav
406,/Users/georgetzanetakis/data/sound/genres/reggae/reggae.00095.wav
407,/Users/georgetzanetakis/data/sound/genres/reggae/reggae.00081.wav
408,/Users/georgetzanetakis/data/sound/genres/reggae/reggae.00097.wav
409,/Users/georgetzanetakis/data/sound/genres/reggae/reggae.00083.wav
410,/Users/georgetzanetakis/data/sound/genres/reggae/reggae.00054.wav
411,/Users/georgetzanetakis/data/sound/genres/reggae/reggae.00040.wav
412,/Users/georgetzanetakis/data/sound/genres/reggae/reggae.00068.wav
413,/Users/georgetzanetakis/data/sound/genres/reggae/reggae.00069.wav
414,/Users/georgetzanetakis/data/sound/genres/reggae/reggae.00041.wav
415,/Users/georgetzanetakis/data/sound/genres/reggae/reggae.00055.wav
416,/Users/georgetzanetakis/data/sound/genres/reggae/reggae.00082.wav
417,/Users/georgetzanetakis/data/sound/genres/reggae/reggae.00096.wav
418,/Users/georgetzanetakis/data/sound/genres/reggae/reggae.00092.wav
419,/Users/georgetzanetakis/data/sound/genres/reggae/reggae.00086.wav
420,/Users/georgetzanetakis/data/sound/genres/reggae/reggae.00079.wav
421,/Users/georgetzanetakis/data/sound/genres/reggae/reggae.00051.wav
422,/Users/georgetzanetakis/data/sound/genres/reggae/reggae.00045.wav
423,/Users/georgetzanetakis/data/sound/genres/reggae/reggae.00044.wav
424,/Users/georgetzanetakis/data/sound/genres/reggae/reggae.00050.wav
425,/Users/georgetzanetakis/data/sound/genres/reggae/reggae.00078.wav
426,/Users/georgetzanetakis/data/sound/genres/reggae/reggae.00087.wav
427,/Users/georgetzanetakis/data/sound/genres/reggae/reggae.00093.wav
428,/Users/georgetzanetakis/data/sound/genres/reggae/reggae.00085.wav
429,/Users/georgetzanetakis/data/sound/genres/reggae/reggae.00091.wav
430,/Users/georgetzanetakis/data/sound/genres/reggae/reggae.00046.wav
431,/Users/georgetzanetakis/data/sound/genres/reggae/reggae.00052.wav
432,/Users/georgetzanetakis/data/sound/genres/reggae/reggae.00053.wav
433,/Users/georgetzanetakis/data/sound/genres/reggae/reggae.00047.wav
434,/Users/georgetzanetakis/data/sound/genres/reggae/reggae.00090.wav
435,/Users/georgetzanetakis/data/sound/genres/reggae/reggae.00084.wav
436,/Users/georgetzanetakis/data/sound/genres/reggae/reggae.00020.wav
437,/Users/georgetzanetakis/data/sound/genres/reggae/reggae.00034.wav
438,/Users/georgetzanetakis/data/sound/genres/reggae/reggae.00008.wav
439,/Users/georgetzanetakis/data/sound/genres/reggae/reggae.00009.wav
440,/Users/georgetzanetakis/data/sound/genres/reggae/reggae.00035.wav
441,/Users/georgetzanetakis/data/sound/genres/reggae/reggae.00021.wav
442,/Users/georgetzanetakis/data/sound/genres/reggae/reggae.00037.wav
443,/Users/georgetzanetakis/data/sound/genres/reggae/reggae.00023.wav
444,/Users/georgetzanetakis/data/sound/genres/reggae/reggae.00022.wav
445,/Users/georgetzanetakis/data/sound/genres/reggae/reggae.00036.wav
446,/Users/georgetzanetakis/data/sound/genres/reggae/reggae.00032.wav
447,/Users/georgetzanetakis/data/sound/genres/reggae/reggae.00026.wav
448,/Users/georgetzanetakis/data/sound/genres/reggae/reggae.00027.wav
449,/Users/georgetzanetakis/data/sound/genres/reggae/reggae.00033.wav
450,/Users/georgetzanetakis/data/sound/genres/reggae/reggae.00019.wav
451,/Users/georgetzanetakis/data/sound/genres/reggae/reggae.00025.wav
452,/Users/georgetzanetakis/data/sound/genres/reggae/reggae.00031.wav
453,/Users/georgetzanetakis/data/sound/genres/reggae/reggae.00030.wav
454,/Users/georgetzanetakis/data/sound/genres/reggae/reggae.00024.wav
455,/Users/georgetzanetakis/data/sound/genres/reggae/reggae.00018.wav
456,/Users/georgetzanetakis/data/sound/genres/reggae/reggae.00001.wav
457,/Users/georgetzanetakis/data/sound/genres/reggae/reggae.00015.wav
458,/Users/georgetzanetakis/data/sound/genres/reggae/reggae.00029.wav
459,/Users/georgetzanetakis/data/sound/genres/reggae/reggae.00028.wav
460,/Users/georgetzanetakis/data/sound/genres/reggae/reggae.00014.wav
461,/Users/georgetzanetakis/data/sound/genres/reggae/reggae.00000.wav
462,/Users/georgetzanetakis/data/sound/genres/reggae/reggae.00016.wav
463,/Users/georgetzanetakis/data/sound/genres/reggae/reggae.00002.wav
464,/Users/georgetzanetakis/data/sound/genres/reggae/reggae.00003.wav
465,/Users/georgetzanetakis/data/sound/genres/reggae/reggae.00017.wav
466,/Users/georgetzanetakis/data/sound/genres/reggae/reggae.00013.wav
467,/Users/georgetzanetakis/data/sound/genres/reggae/reggae.00007.wav
468,/Users/georgetzanetakis/data/sound/genres/reggae/reggae.00006.wav
469,/Users/georgetzanetakis/data/sound/genres/reggae/reggae.00012.wav
470,/Users/georgetzanetakis/data/sound/genres/reggae/reggae.00038.wav
471,/Users/georgetzanetakis/data/sound/genres/reggae/reggae.00004.wav
472,/Users/georgetzanetakis/data/sound/genres/reggae/reggae.00010.wav
473,/Users/georgetzanetakis/data/sound/genres/reggae/reggae.00011.wav
474,/Users/georgetzanetakis/data/sound/genres/reggae/reggae.00005.wav
475,/Users/georgetzanetakis/data/sound/genres/reggae/reggae.00039.wav
476,/Users/georgetzanetakis/data/sound/genres/reggae/reggae.00089.wav
477,/Users/georgetzanetakis/data/sound/genres/reggae/reggae.00062.wav
478,/Users/georgetzanetakis/data/sound/genres/reggae/reggae.00076.wav
479,/Users/georgetzanetakis/data/sound/genres/reggae/reggae.00077.wav
480,/Users/georgetzanetakis/data/sound/genres/reggae/reggae.00063.wav
481,/Users/georgetzanetakis/data/sound/genres/reggae/reggae.00088.wav
482,/Users/georgetzanetakis/data/sound/genres/reggae/reggae.00075.wav
483,/Users/georgetzanetakis/data/sound/genres/reggae/reggae.00061.wav
484,/Users/georgetzanetakis/data/sound/genres/reggae/reggae.00049.wav
485,/Users/georgetzanetakis/data/sound/genres/reggae/reggae.00048.wav
486,/Users/georgetzanetakis/data/sound/genres/reggae/reggae.00060.wav
487,/Users/georgetzanetakis/data/sound/genres/reggae/reggae.00074.wav
488,/Users/georgetzanetakis/data/sound/genres/reggae/reggae.00058.wav
489,/Users/georgetzanetakis/data/sound/genres/reggae/reggae.00070.wav
490,/Users/georgetzanetakis/data/sound/genres/reggae/reggae.00064.wav
491,/Users/georgetzanetakis/data/sound/genres/reggae/reggae.00065.wav
492,/Users/georgetzanetakis/data/sound/genres/reggae/reggae.00071.wav
493,/Users/georgetzanetakis/data/sound/genres/reggae/reggae.00059.wav
494,/Users/georgetzanetakis/data/sound/genres/reggae/reggae.00098.wav
495,/Users/georgetzanetakis/data/sound/genres/reggae/reggae.00067.wav
496,/Users/georgetzanetakis/data/sound/genres/reggae/reggae.00073.wav
497,/Users/georgetzanetakis/data/sound/genres/reggae/reggae.00072.wav
498,/Users/georgetzanetakis/data/sound/genres/reggae/reggae.00066.wav
499,/Users/georgetzanetakis/data/sound/genres/reggae/reggae.00099.wav
500,/Users/georgetzanetakis/data/sound/genres/classical/classical.00079.wav
501,/Users/georgetzanetakis/data/sound/genres/classical/classical.00045.wav
502,/Users/georgetzanetakis/data/sound/genres/classical/classical.00051.wav
503,/Users/georgetzanetakis/data/sound/genres/classical/classical.00086.wav
504,/Users/georgetzanetakis/data/sound/genres/classical/classical.00092.wav
505,/Users/georgetzanetakis/data/sound/genres/classical/classical.00093.wav
506,/Users/georgetzanetakis/data/sound/genres/classical/classical.00087.wav
507,/Users/georgetzanetakis/data/sound/genres/classical/classical.00050.wav
508,/Users/georgetzanetakis/data/sound/genres/classical/classical.00044.wav
509,/Users/georgetzanetakis/data/sound/genres/classical/classical.00078.wav
510,/Users/georgetzanetakis/data/sound/genres/classical/classical.00052.wav
511,/Users/georgetzanetakis/data/sound/genres/classical/classical.00046.wav
512,/Users/georgetzanetakis/data/sound/genres/classical/classical.00091.wav
513,/Users/georgetzanetakis/data/sound/genres/classical/classical.00085.wav
514,/Users/georgetzanetakis/data/sound/genres/classical/classical.00084.wav
515,/Users/georgetzanetakis/data/sound/genres/classical/classical.00090.wav
516,/Users/georgetzanetakis/data/sound/genres/classical/classical.00047.wav
517,/Users/georgetzanetakis/data/sound/genres/classical/classical.00053.wav
518,/Users/georgetzanetakis/data/sound/genres/classical/classical.00057.wav
519,/Users/georgetzanetakis/data/sound/genres/classical/classical.00043.wav
520,/Users/georgetzanetakis/data/sound/genres/classical/classical.00094.wav
521,/Users/georgetzanetakis/data/sound/genres/classical/classical.00080.wav
522,/Users/georgetzanetakis/data/sound/genres/classical/classical.00081.wav
523,/Users/georgetzanetakis/data/sound/genres/classical/classical.00095.wav
524,/Users/georgetzanetakis/data/sound/genres/classical/classical.00042.wav
525,/Users/georgetzanetakis/data/sound/genres/classical/classical.00056.wav
526,/Users/georgetzanetakis/data/sound/genres/classical/classical.00040.wav
527,/Users/georgetzanetakis/data/sound/genres/classical/classical.00054.wav
528,/Users/georgetzanetakis/data/sound/genres/classical/classical.00068.wav
529,/Users/georgetzanetakis/data/sound/genres/classical/classical.00083.wav
530,/Users/georgetzanetakis/data/sound/genres/classical/classical.00097.wav
531,/Users/georgetzanetakis/data/sound/genres/classical/classical.00096.wav
532,/Users/georgetzanetakis/data/sound/genres/classical/classical.00082.wav
533,/Users/georgetzanetakis/data/sound/genres/classical/classical.00069.wav
534,/Users/georgetzanetakis/data/sound/genres/classical/classical.00055.wav
535,/Users/georgetzanetakis/data/sound/genres/classical/classical.00041.wav
536,/Users/georgetzanetakis/data/sound/genres/classical/classical.00026.wav
537,/Users/georgetzanetakis/data/sound/genres/classical/classical.00032.wav
538,/Users/georgetzanetakis/data/sound/genres/classical/classical.00033.wav
539,/Users/georgetzanetakis/data/sound/genres/classical/classical.00027.wav
540,/Users/georgetzanetakis/data/sound/genres/classical/classical.00019.wav
541,/Users/georgetzanetakis/data/sound/genres/classical/classical.00031.wav
542,/Users/georgetzanetakis/data/sound/genres/classical/classical.00025.wav
543,/Users/georgetzanetakis/data/sound/genres/classical/classical.00024.wav
544,/Users/georgetzanetakis/data/sound/genres/classical/classical.00030.wav
545,/Users/georgetzanetakis/data/sound/genres/classical/classical.00018.wav
546,/Users/georgetzanetakis/data/sound/genres/classical/classical.00034.wav
547,/Users/georgetzanetakis/data/sound/genres/classical/classical.00020.wav
548,/Users/georgetzanetakis/data/sound/genres/classical/classical.00008.wav
549,/Users/georgetzanetakis/data/sound/genres/classical/classical.00009.wav
550,/Users/georgetzanetakis/data/sound/genres/classical/classical.00021.wav
551,/Users/georgetzanetakis/data/sound/genres/classical/classical.00035.wav
552,/Users/georgetzanetakis/data/sound/genres/classical/classical.00023.wav
553,/Users/georgetzanetakis/data/sound/genres/classical/classical.00037.wav
554,/Users/georgetzanetakis/data/sound/genres/classical/classical.00036.wav
555,/Users/georgetzanetakis/data/sound/genres/classical/classical.00022.wav
556,/Users/georgetzanetakis/data/sound/genres/classical/classical.00007.wav
557,/Users/georgetzanetakis/data/sound/genres/classical/classical.00013.wav
558,/Users/georgetzanetakis/data/sound/genres/classical/classical.00012.wav
559,/Users/georgetzanetakis/data/sound/genres/classical/classical.00006.wav
560,/Users/georgetzanetakis/data/sound/genres/classical/classical.00038.wav
561,/Users/georgetzanetakis/data/sound/genres/classical/classical.00010.wav
562,/Users/georgetzanetakis/data/sound/genres/classical/classical.00004.wav
563,/Users/georgetzanetakis/data/sound/genres/classical/classical.00005.wav
564,/Users/georgetzanetakis/data/sound/genres/classical/classical.00011.wav
565,/Users/georgetzanetakis/data/sound/genres/classical/classical.00039.wav
566,/Users/georgetzanetakis/data/sound/genres/classical/classical.00015.wav
567,/Users/georgetzanetakis/data/sound/genres/classical/classical.00001.wav
568,/Users/georgetzanetakis/data/sound/genres/classical/classical.00029.wav
569,/Users/georgetzanetakis/data/sound/genres/classical/classical.00028.wav
570,/Users/georgetzanetakis/data/sound/genres/classical/classical.00000.wav
571,/Users/georgetzanetakis/data/sound/genres/classical/classical.00014.wav
572,/Users/georgetzanetakis/data/sound/genres/classical/classical.00002.wav
573,/Users/georgetzanetakis/data/sound/genres/classical/classical.00016.wav
574,/Users/georgetzanetakis/data/sound/genres/classical/classical.00017.wav
575,/Users/georgetzanetakis/data/sound/genres/classical/classical.00003.wav
576,/Users/georgetzanetakis/data/sound/genres/classical/classical.00058.wav
577,/Users/georgetzanetakis/data/sound/genres/classical/classical.00064.wav
578,/Users/georgetzanetakis/data/sound/genres/classical/classical.00070.wav
579,/Users/georgetzanetakis/data/sound/genres/classical/classical.00071.wav
580,/Users/georgetzanetakis/data/sound/genres/classical/classical.00065.wav
581,/Users/georgetzanetakis/data/sound/genres/classical/classical.00059.wav
582,/Users/georgetzanetakis/data/sound/genres/classical/classical.00073.wav
583,/Users/georgetzanetakis/data/sound/genres/classical/classical.00067.wav
584,/Users/georgetzanetakis/data/sound/genres/classical/classical.00098.wav
585,/Users/georgetzanetakis/data/sound/genres/classical/classical.00099.wav
586,/Users/georgetzanetakis/data/sound/genres/classical/classical.00066.wav
587,/Users/georgetzanetakis/data/sound/genres/classical/classical.00072.wav
588,/Users/georgetzanetakis/data/sound/genres/classical/classical.00076.wav
589,/Users/georgetzanetakis/data/sound/genres/classical/classical.00062.wav
590,/Users/georgetzanetakis/data/sound/genres/classical/classical.00089.wav
591,/Users/georgetzanetakis/data/sound/genres/classical/classical.00088.wav
592,/Users/georgetzanetakis/data/sound/genres/classical/classical.00063.wav
593,/Users/georgetzanetakis/data/sound/genres/classical/classical.00077.wav
594,/Users/georgetzanetakis/data/sound/genres/classical/classical.00061.wav
595,/Users/georgetzanetakis/data/sound/genres/classical/classical.00075.wav
596,/Users/georgetzanetakis/data/sound/genres/classical/classical.00049.wav
597,/Users/georgetzanetakis/data/sound/genres/classical/classical.00048.wav
598,/Users/georgetzanetakis/data/sound/genres/classical/classical.00074.wav
599,/Users/georgetzanetakis/data/sound/genres/classical/classical.00060.wav
600,/Users/georgetzanetakis/data/sound/genres/rock/rock.00011.wav
601,/Users/georgetzanetakis/data/sound/genres/rock/rock.00005.wav
602,/Users/georgetzanetakis/data/sound/genres/rock/rock.00039.wav
603,/Users/georgetzanetakis/data/sound/genres/rock/rock.00038.wav
604,/Users/georgetzanetakis/data/sound/genres/rock/rock.00004.wav
605,/Users/georgetzanetakis/data/sound/genres/rock/rock.00010.wav
606,/Users/georgetzanetakis/data/sound/genres/rock/rock.00006.wav
607,/Users/georgetzanetakis/data/sound/genres/rock/rock.00012.wav
608,/Users/georgetzanetakis/data/sound/genres/rock/rock.00013.wav
609,/Users/georgetzanetakis/data/sound/genres/rock/rock.00007.wav
610,/Users/georgetzanetakis/data/sound/genres/rock/rock.00003.wav
611,/Users/georgetzanetakis/data/sound/genres/rock/rock.00017.wav
612,/Users/georgetzanetakis/data/sound/genres/rock/rock.00016.wav
613,/Users/georgetzanetakis/data/sound/genres/rock/rock.00002.wav
614,/Users/georgetzanetakis/data/sound/genres/rock/rock.00028.wav
615,/Users/georgetzanetakis/data/sound/genres/rock/rock.00014.wav
616,/Users/georgetzanetakis/data/sound/genres/rock/rock.00000.wav
617,/Users/georgetzanetakis/data/sound/genres/rock/rock.00001.wav
618,/Users/georgetzanetakis/data/sound/genres/rock/rock.00015.wav
619,/Users/georgetzanetakis/data/sound/genres/rock/rock.00029.wav
620,/Users/georgetzanetakis/data/sound/genres/rock/rock.00099.wav
621,/Users/georgetzanetakis/data/sound/genres/rock/rock.00072.wav
622,/Users/georgetzanetakis/data/sound/genres/rock/rock.00066.wav
623,/Users/georgetzanetakis/data/sound/genres/rock/rock.00067.wav
624,/Users/georgetzanetakis/data/sound/genres/rock/rock.00073.wav
625,/Users/georgetzanetakis/data/sound/genres/rock/rock.00098.wav
626,/Users/georgetzanetakis/data/sound/genres/rock/rock.00065.wav
627,/Users/georgetzanetakis/data/sound/genres/rock/rock.00071.wav
628,/Users/georgetzanetakis/data/sound/genres/rock/rock.00059.wav
629,/Users/georgetzanetakis/data/sound/genres/rock/rock.00058.wav
630,/Users/georgetzanetakis/data/sound/genres/rock/rock.00070.wav
631,/Users/georgetzanetakis/data/sound/genres/rock/rock.00064.wav
632,/Users/georgetzanetakis/data/sound/genres/rock/rock.00048.wav
633,/Users/georgetzanetakis/data/sound/genres/rock/rock.00060.wav
634,/Users/georgetzanetakis/data/sound/genres/rock/rock.00074.wav
635,/Users/georgetzanetakis/data/sound/genres/rock/rock.00075.wav
636,/Users/georgetzanetakis/data/sound/genres/rock/rock.00061.wav
637,/Users/georgetzanetakis/data/sound/genres/rock/rock.00049.wav
638,/Users/georgetzanetakis/data/sound/genres/rock/rock.00088.wav
639,/Users/georgetzanetakis/data/sound/genres/rock/rock.00077.wav
640,/Users/georgetzanetakis/data/sound/genres/rock/rock.00063.wav
641,/Users/georgetzanetakis/data/sound/genres/rock/rock.00062.wav
642,/Users/georgetzanetakis/data/sound/genres/rock/rock.00076.wav
643,/Users/georgetzanetakis/data/sound/genres/rock/rock.00089.wav
644,/Users/georgetzanetakis/data/sound/genres/rock/rock.00090.wav
645,/Users/georgetzanetakis/data/sound/genres/rock/rock.00084.wav
646,/Users/georgetzanetakis/data/sound/genres/rock/rock.00053.wav
647,/Users/georgetzanetakis/data/sound/genres/rock/rock.00047.wav
648,/Users/georgetzanetakis/data/sound/genres/rock/rock.00046.wav
649,/Users/georgetzanetakis/data/sound/genres/rock/rock.00052.wav
650,/Users/georgetzanetakis/data/sound/genres/rock/rock.00085.wav
651,/Users/georgetzanetakis/data/sound/genres/rock/rock.00091.wav
652,/Users/georgetzanetakis/data/sound/genres/rock/rock.00087.wav
653,/Users/georgetzanetakis/data/sound/genres/rock/rock.00093.wav
654,/Users/georgetzanetakis/data/sound/genres/rock/rock.00044.wav
655,/Users/georgetzanetakis/data/sound/genres/rock/rock.00050.wav
656,/Users/georgetzanetakis/data/sound/genres/rock/rock.00078.wav
657,/Users/georgetzanetakis/data/sound/genres/rock/rock.00079.wav
658,/Users/georgetzanetakis/data/sound/genres/rock/rock.00051.wav
659,/Users/georgetzanetakis/data/sound/genres/rock/rock.00045.wav
660,/Users/georgetzanetakis/data/sound/genres/rock/rock.00092.wav
661,/Users/georgetzanetakis/data/sound/genres/rock/rock.00086.wav
662,/Users/georgetzanetakis/data/sound/genres/rock/rock.00082.wav
663,/Users/georgetzanetakis/data/sound/genres/rock/rock.00096.wav
664,/Users/georgetzanetakis/data/sound/genres/rock/rock.00069.wav
665,/Users/georgetzanetakis/data/sound/genres/rock/rock.00041.wav
666,/Users/georgetzanetakis/data/sound/genres/rock/rock.00055.wav
667,/Users/georgetzanetakis/data/sound/genres/rock/rock.00054.wav
668,/Users/georgetzanetakis/data/sound/genres/rock/rock.00040.wav
669,/Users/georgetzanetakis/data/sound/genres/rock/rock.00068.wav
670,/Users/georgetzanetakis/data/sound/genres/rock/rock.00097.wav
671,/Users/georgetzanetakis/data/sound/genres/rock/rock.00083.wav
672,/Users/georgetzanetakis/data/sound/genres/rock/rock.00095.wav
673,/Users/georgetzanetakis/data/sound/genres/rock/rock.00081.wav
674,/Users/georgetzanetakis/data/sound/genres/rock/rock.00056.wav
675,/Users/georgetzanetakis/data/sound/genres/rock/rock.00042.wav
676,/Users/georgetzanetakis/data/sound/genres/rock/rock.00043.wav
677,/Users/georgetzanetakis/data/sound/genres/rock/rock.00057.wav
678,/Users/georgetzanetakis/data/sound/genres/rock/rock.00080.wav
679,/Users/georgetzanetakis/data/sound/genres/rock/rock.00094.wav
680,/Users/georgetzanetakis/data/sound/genres/rock/rock.00030.wav
681,/Users/georgetzanetakis/data/sound/genres/rock/rock.00024.wav
682,/Users/georgetzanetakis/data/sound/genres/rock/rock.00018.wav
683,/Users/georgetzanetakis/data/sound/genres/rock/rock.00019.wav
684,/Users/georgetzanetakis/data/sound/genres/rock/rock.00025.wav
685,/Users/georgetzanetakis/data/sound/genres/rock/rock.00031.wav
686,/Users/georgetzanetakis/data/sound/genres/rock/rock.00027.wav
687,/Users/georgetzanetakis/data/sound/genres/rock/rock.00033.wav
688,/Users/georgetzanetakis/data/sound/genres/rock/rock.00032.wav
689,/Users/georgetzanetakis/data/sound/genres/rock/rock.00026.wav
690,/Users/georgetzanetakis/data/sound/genres/rock/rock.00022.wav
691,/Users/georgetzanetakis/data/sound/genres/rock/rock.00036.wav
692,/Users/georgetzanetakis/data/sound/genres/rock/rock.00037.wav
693,/Users/georgetzanetakis/data/sound/genres/rock/rock.00023.wav
694,/Users/georgetzanetakis/data/sound/genres/rock/rock.00009.wav
695,/Users/georgetzanetakis/data/sound/genres/rock/rock.00035.wav
696,/Users/georgetzanetakis/data/sound/genres/rock/rock.00021.wav
697,/Users/georgetzanetakis/data/sound/genres/rock/rock.00020.wav
698,/Users/georgetzanetakis/data/sound/genres/rock/rock.00034.wav
699,/Users/georgetzanetakis/data/sound/genres/rock/rock.00008.wav
700,/Users/georgetzanetakis/data/sound/genres/hiphop/hiphop.00022.wav
701,/Users/georgetzanetakis/data/sound/genres/hiphop/hiphop.00036.wav
702,/Users/georgetzanetakis/data/sound/genres/hiphop/hiphop.00037.wav
703,/Users/georgetzanetakis/data/sound/genres/hiphop/hiphop.00023.wav
704,/Users/georgetzanetakis/data/sound/genres/hiphop/hiphop.00009.wav
705,/Users/georgetzanetakis/data/sound/genres/hiphop/hiphop.00035.wav
706,/Users/georgetzanetakis/data/sound/genres/hiphop/hiphop.00021.wav
707,/Users/georgetzanetakis/data/sound/genres/hiphop/hiphop.00020.wav
708,/Users/georgetzanetakis/data/sound/genres/hiphop/hiphop.00034.wav
709,/Users/georgetzanetakis/data/sound/genres/hiphop/hiphop.00008.wav
710,/Users/georgetzanetakis/data/sound/genres/hiphop/hiphop.00030.wav
711,/Users/georgetzanetakis/data/sound/genres/hiphop/hiphop.00024.wav
712,/Users/georgetzanetakis/data/sound/genres/hiphop/hiphop.00018.wav
713,/Users/georgetzanetakis/data/sound/genres/hiphop/hiphop.00019.wav
714,/Users/georgetzanetakis/data/sound/genres/hiphop/hiphop.00025.wav
715,/Users/georgetzanetakis/data/sound/genres/hiphop/hiphop.00031.wav
716,/Users/georgetzanetakis/data/sound/genres/hiphop/hiphop.00027.wav
717,/Users/georgetzanetakis/data/sound/genres/hiphop/hiphop.00033.wav
718,/Users/georgetzanetakis/data/sound/genres/hiphop/hiphop.00032.wav
719,/Users/georgetzanetakis/data/sound/genres/hiphop/hiphop.00026.wav
720,/Users/georgetzanetakis/data/sound/genres/hiphop/hiphop.00069.wav
721,/Users/georgetzanetakis/data/sound/genres/hiphop/hiphop.00041.wav
722,/Users/georgetzanetakis/data/sound/genres/hiphop/hiphop.00055.wav
723,/Users/georgetzanetakis/data/sound/genres/hiphop/hiphop.00082.wav
724,/Users/georgetzanetakis/data/sound/genres/hiphop/hiphop.00096.wav
725,/Users/georgetzanetakis/data/sound/genres/hiphop/hiphop.00097.wav
726,/Users/georgetzanetakis/data/sound/genres/hiphop/hiphop.00083.wav
727,/Users/georgetzanetakis/data/sound/genres/hiphop/hiphop.00054.wav
728,/Users/georgetzanetakis/data/sound/genres/hiphop/hiphop.00040.wav
729,/Users/georgetzanetakis/data/sound/genres/hiphop/hiphop.00068.wav
730,/Users/georgetzanetakis/data/sound/genres/hiphop/hiphop.00056.wav
731,/Users/georgetzanetakis/data/sound/genres/hiphop/hiphop.00042.wav
732,/Users/georgetzanetakis/data/sound/genres/hiphop/hiphop.00095.wav
733,/Users/georgetzanetakis/data/sound/genres/hiphop/hiphop.00081.wav
734,/Users/georgetzanetakis/data/sound/genres/hiphop/hiphop.00080.wav
735,/Users/georgetzanetakis/data/sound/genres/hiphop/hiphop.00094.wav
736,/Users/georgetzanetakis/data/sound/genres/hiphop/hiphop.00043.wav
737,/Users/georgetzanetakis/data/sound/genres/hiphop/hiphop.00057.wav
738,/Users/georgetzanetakis/data/sound/genres/hiphop/hiphop.00053.wav
739,/Users/georgetzanetakis/data/sound/genres/hiphop/hiphop.00047.wav
740,/Users/georgetzanetakis/data/sound/genres/hiphop/hiphop.00090.wav
741,/Users/georgetzanetakis/data/sound/genres/hiphop/hiphop.00084.wav
742,/Users/georgetzanetakis/data/sound/genres/hiphop/hiphop.00085.wav
743,/Users/georgetzanetakis/data/sound/genres/hiphop/hiphop.00091.wav
744,/Users/georgetzanetakis/data/sound/genres/hiphop/hiphop.00046.wav
745,/Users/georgetzanetakis/data/sound/genres/hiphop/hiphop.00052.wav
746,/Users/georgetzanetakis/data/sound/genres/hiphop/hiphop.00044.wav
747,/Users/georgetzanetakis/data/sound/genres/hiphop/hiphop.00050.wav
748,/Users/georgetzanetakis/data/sound/genres/hiphop/hiphop.00078.wav
749,/Users/georgetzanetakis/data/sound/genres/hiphop/hiphop.00087.wav
750,/Users/georgetzanetakis/data/sound/genres/hiphop/hiphop.00093.wav
751,/Users/georgetzanetakis/data/sound/genres/hiphop/hiphop.00092.wav
752,/Users/georgetzanetakis/data/sound/genres/hiphop/hiphop.00086.wav
753,/Users/georgetzanetakis/data/sound/genres/hiphop/hiphop.00079.wav
754,/Users/georgetzanetakis/data/sound/genres/hiphop/hiphop.00051.wav
755,/Users/georgetzanetakis/data/sound/genres/hiphop/hiphop.00045.wav
756,/Users/georgetzanetakis/data/sound/genres/hiphop/hiphop.00048.wav
757,/Users/georgetzanetakis/data/sound/genres/hiphop/hiphop.00060.wav
758,/Users/georgetzanetakis/data/sound/genres/hiphop/hiphop.00074.wav
759,/Users/georgetzanetakis/data/sound/genres/hiphop/hiphop.00075.wav
760,/Users/georgetzanetakis/data/sound/genres/hiphop/hiphop.00061.wav
761,/Users/georgetzanetakis/data/sound/genres/hiphop/hiphop.00049.wav
762,/Users/georgetzanetakis/data/sound/genres/hiphop/hiphop.00077.wav
763,/Users/georgetzanetakis/data/sound/genres/hiphop/hiphop.00063.wav
764,/Users/georgetzanetakis/data/sound/genres/hiphop/hiphop.00088.wav
765,/Users/georgetzanetakis/data/sound/genres/hiphop/hiphop.00089.wav
766,/Users/georgetzanetakis/data/sound/genres/hiphop/hiphop.00062.wav
767,/Users/georgetzanetakis/data/sound/genres/hiphop/hiphop.00076.wav
768,/Users/georgetzanetakis/data/sound/genres/hiphop/hiphop.00072.wav
769,/Users/georgetzanetakis/data/sound/genres/hiphop/hiphop.00066.wav
770,/Users/georgetzanetakis/data/sound/genres/hiphop/hiphop.00099.wav
771,/Users/georgetzanetakis/data/sound/genres/hiphop/hiphop.00098.wav
772,/Users/georgetzanetakis/data/sound/genres/hiphop/hiphop.00067.wav
773,/Users/georgetzanetakis/data/sound/genres/hiphop/hiphop.00073.wav
774,/Users/georgetzanetakis/data/sound/genres/hiphop/hiphop.00065.wav
775,/Users/georgetzanetakis/data/sound/genres/hiphop/hiphop.00071.wav
776,/Users/georgetzanetakis/data/sound/genres/hiphop/hiphop.00059.wav
777,/Users/georgetzanetakis/data/sound/genres/hiphop/hiphop.00058.wav
778,/Users/georgetzanetakis/data/sound/genres/hiphop/hiphop.00070.wav
779,/Users/georgetzanetakis/data/sound/genres/hiphop/hiphop.00064.wav
780,/Users/georgetzanetakis/data/sound/genres/hiphop/hiphop.00003.wav
781,/Users/georgetzanetakis/data/sound/genres/hiphop/hiphop.00017.wav
782,/Users/georgetzanetakis/data/sound/genres/hiphop/hiphop.00016.wav
783,/Users/georgetzanetakis/data/sound/genres/hiphop/hiphop.00002.wav
784,/Users/georgetzanetakis/data/sound/genres/hiphop/hiphop.00028.wav
785,/Users/georgetzanetakis/data/sound/genres/hiphop/hiphop.00014.wav
786,/Users/georgetzanetakis/data/sound/genres/hiphop/hiphop.00000.wav
787,/Users/georgetzanetakis/data/sound/genres/hiphop/hiphop.00001.wav
788,/Users/georgetzanetakis/data/sound/genres/hiphop/hiphop.00015.wav
789,/Users/georgetzanetakis/data/sound/genres/hiphop/hiphop.00029.wav
790,/Users/georgetzanetakis/data/sound/genres/hiphop/hiphop.00011.wav
791,/Users/georgetzanetakis/data/sound/genres/hiphop/hiphop.00005.wav
792,/Users/georgetzanetakis/data/sound/genres/hiphop/hiphop.00039.wav
793,/Users/georgetzanetakis/data/sound/genres/hiphop/hiphop.00038.wav
794,/Users/georgetzanetakis/data/sound/genres/hiphop/hiphop.00004.wav
795,/Users/georgetzanetakis/data/sound/genres/hiphop/hiphop.00010.wav
796,/Users/georgetzanetakis/data/sound/genres/hiphop/hiphop.00006.wav
797,/Users/georgetzanetakis/data/sound/genres/hiphop/hiphop.00012.wav
798,/Users/georgetzanetakis/data/sound/genres/hiphop/hiphop.00013.wav
799,/Users/georgetzanetakis/data/sound/genres/hiphop/hiphop.00007.wav
800,/Users/georgetzanetakis/data/sound/genres/country/country.00088.wav
801,/Users/georgetzanetakis/data/sound/genres/country/country.00063.wav
802,/Users/georgetzanetakis/data/sound/genres/country/country.00077.wav
803,/Users/georgetzanetakis/data/sound/genres/country/country.00076.wav
804,/Users/georgetzanetakis/data/sound/genres/country/country.00062.wav
805,/Users/georgetzanetakis/data/sound/genres/country/country.00089.wav
806,/Users/georgetzanetakis/data/sound/genres/country/country.00048.wav
807,/Users/georgetzanetakis/data/sound/genres/country/country.00074.wav
808,/Users/georgetzanetakis/data/sound/genres/country/country.00060.wav
809,/Users/georgetzanetakis/data/sound/genres/country/country.00061.wav
810,/Users/georgetzanetakis/data/sound/genres/country/country.00075.wav
811,/Users/georgetzanetakis/data/sound/genres/country/country.00049.wav
812,/Users/georgetzanetakis/data/sound/genres/country/country.00071.wav
813,/Users/georgetzanetakis/data/sound/genres/country/country.00065.wav
814,/Users/georgetzanetakis/data/sound/genres/country/country.00059.wav
815,/Users/georgetzanetakis/data/sound/genres/country/country.00058.wav
816,/Users/georgetzanetakis/data/sound/genres/country/country.00064.wav
817,/Users/georgetzanetakis/data/sound/genres/country/country.00070.wav
818,/Users/georgetzanetakis/data/sound/genres/country/country.00099.wav
819,/Users/georgetzanetakis/data/sound/genres/country/country.00066.wav
820,/Users/georgetzanetakis/data/sound/genres/country/country.00072.wav
821,/Users/georgetzanetakis/data/sound/genres/country/country.00073.wav
822,/Users/georgetzanetakis/data/sound/genres/country/country.00067.wav
823,/Users/georgetzanetakis/data/sound/genres/country/country.00098.wav
824,/Users/georgetzanetakis/data/sound/genres/country/country.00028.wav
825,/Users/georgetzanetakis/data/sound/genres/country/country.00000.wav
826,/Users/georgetzanetakis/data/sound/genres/country/country.00014.wav
827,/Users/georgetzanetakis/data/sound/genres/country/country.00015.wav
828,/Users/georgetzanetakis/data/sound/genres/country/country.00001.wav
829,/Users/georgetzanetakis/data/sound/genres/country/country.00029.wav
830,/Users/georgetzanetakis/data/sound/genres/country/country.00017.wav
831,/Users/georgetzanetakis/data/sound/genres/country/country.00003.wav
832,/Users/georgetzanetakis/data/sound/genres/country/country.00002.wav
833,/Users/georgetzanetakis/data/sound/genres/country/country.00016.wav
834,/Users/georgetzanetakis/data/sound/genres/country/country.00012.wav
835,/Users/georgetzanetakis/data/sound/genres/country/country.00006.wav
836,/Users/georgetzanetakis/data/sound/genres/country/country.00007.wav
837,/Users/georgetzanetakis/data/sound/genres/country/country.00013.wav
838,/Users/georgetzanetakis/data/sound/genres/country/country.00005.wav
839,/Users/georgetzanetakis/data/sound/genres/country/country.00011.wav
840,/Users/georgetzanetakis/data/sound/genres/country/country.00039.wav
841,/Users/georgetzanetakis/data/sound/genres/country/country.00038.wav
842,/Users/georgetzanetakis/data/sound/genres/country/country.00010.wav
843,/Users/georgetzanetakis/data/sound/genres/country/country.00004.wav
844,/Users/georgetzanetakis/data/sound/genres/country/country.00009.wav
845,/Users/georgetzanetakis/data/sound/genres/country/country.00021.wav
846,/Users/georgetzanetakis/data/sound/genres/country/country.00035.wav
847,/Users/georgetzanetakis/data/sound/genres/country/country.00034.wav
848,/Users/georgetzanetakis/data/sound/genres/country/country.00020.wav
849,/Users/georgetzanetakis/data/sound/genres/country/country.00008.wav
850,/Users/georgetzanetakis/data/sound/genres/country/country.00036.wav
851,/Users/georgetzanetakis/data/sound/genres/country/country.00022.wav
852,/Users/georgetzanetakis/data/sound/genres/country/country.00023.wav
853,/Users/georgetzanetakis/data/sound/genres/country/country.00037.wav
854,/Users/georgetzanetakis/data/sound/genres/country/country.00033.wav
855,/Users/georgetzanetakis/data/sound/genres/country/country.00027.wav
856,/Users/georgetzanetakis/data/sound/genres/country/country.00026.wav
857,/Users/georgetzanetakis/data/sound/genres/country/country.00032.wav
858,/Users/georgetzanetakis/data/sound/genres/country/country.00024.wav
859,/Users/georgetzanetakis/data/sound/genres/country/country.00030.wav
860,/Users/georgetzanetakis/data/sound/genres/country/country.00018.wav
861,/Users/georgetzanetakis/data/sound/genres/country/country.00019.wav
862,/Users/georgetzanetakis/data/sound/genres/country/country.00031.wav
863,/Users/georgetzanetakis/data/sound/genres/country/country.00025.wav
864,/Users/georgetzanetakis/data/sound/genres/country/country.00081.wav
865,/Users/georgetzanetakis/data/sound/genres/country/country.00095.wav
866,/Users/georgetzanetakis/data/sound/genres/country/country.00042.wav
867,/Users/georgetzanetakis/data/sound/genres/country/country.00056.wav
868,/Users/georgetzanetakis/data/sound/genres/country/country.00057.wav
869,/Users/georgetzanetakis/data/sound/genres/country/country.00043.wav
870,/Users/georgetzanetakis/data/sound/genres/country/country.00094.wav
871,/Users/georgetzanetakis/data/sound/genres/country/country.00080.wav
872,/Users/georgetzanetakis/data/sound/genres/country/country.00096.wav
873,/Users/georgetzanetakis/data/sound/genres/country/country.00082.wav
874,/Users/georgetzanetakis/data/sound/genres/country/country.00069.wav
875,/Users/georgetzanetakis/data/sound/genres/country/country.00055.wav
876,/Users/georgetzanetakis/data/sound/genres/country/country.00041.wav
877,/Users/georgetzanetakis/data/sound/genres/country/country.00040.wav
878,/Users/georgetzanetakis/data/sound/genres/country/country.00054.wav
879,/Users/georgetzanetakis/data/sound/genres/country/country.00068.wav
880,/Users/georgetzanetakis/data/sound/genres/country/country.00083.wav
881,/Users/georgetzanetakis/data/sound/genres/country/country.00097.wav
882,/Users/georgetzanetakis/data/sound/genres/country/country.00093.wav
883,/Users/georgetzanetakis/data/sound/genres/country/country.00087.wav
884,/Users/georgetzanetakis/data/sound/genres/country/country.00050.wav
885,/Users/georgetzanetakis/data/sound/genres/country/country.00044.wav
886,/Users/georgetzanetakis/data/sound/genres/country/country.00078.wav
887,/Users/georgetzanetakis/data/sound/genres/country/country.00079.wav
888,/Users/georgetzanetakis/data/sound/genres/country/country.00045.wav
889,/Users/georgetzanetakis/data/sound/genres/country/country.00051.wav
890,/Users/georgetzanetakis/data/sound/genres/country/country.00086.wav
891,/Users/georgetzanetakis/data/sound/genres/country/country.00092.wav
892,/Users/georgetzanetakis/data/sound/genres/country/country.00084.wav
893,/Users/georgetzanetakis/data/sound/genres/country/country.00090.wav
894,/Users/georgetzanetakis/data/sound/genres/country/country.00047.wav
895,/Users/georgetzanetakis/data/sound/genres/country/country.00053.wav
896,/Users/georgetzanetakis/data/sound/genres/country/country.00052.wav
897,/Users/georgetzanetakis/data/sound/genres/country/country.00046.wav
898,/Users/georgetzanetakis/data/sound/genres/country/country.00091.wav
899,/Users/georgetzanetakis/data/sound/genres/country/country.00085.wav
900,/Users/georgetzanetakis/data/sound/genres/jazz/jazz.00016.wav
901,/Users/georgetzanetakis/data/sound/genres/jazz/jazz.00002.wav
902,/Users/georgetzanetakis/data/sound/genres/jazz/jazz.00003.wav
903,/Users/georgetzanetakis/data/sound/genres/jazz/jazz.00017.wav
904,/Users/georgetzanetakis/data/sound/genres/jazz/jazz.00001.wav
905,/Users/georgetzanetakis/data/sound/genres/jazz/jazz.00015.wav
906,/Users/georgetzanetakis/data/sound/genres/jazz/jazz.00029.wav
907,/Users/georgetzanetakis/data/sound/genres/jazz/jazz.00028.wav
908,/Users/georgetzanetakis/data/sound/genres/jazz/jazz.00014.wav
909,/Users/georgetzanetakis/data/sound/genres/jazz/jazz.00000.wav
910,/Users/georgetzanetakis/data/sound/genres/jazz/jazz.00038.wav
911,/Users/georgetzanetakis/data/sound/genres/jazz/jazz.00004.wav
912,/Users/georgetzanetakis/data/sound/genres/jazz/jazz.00010.wav
913,/Users/georgetzanetakis/data/sound/genres/jazz/jazz.00011.wav
914,/Users/georgetzanetakis/data/sound/genres/jazz/jazz.00005.wav
915,/Users/georgetzanetakis/data/sound/genres/jazz/jazz.00039.wav
916,/Users/georgetzanetakis/data/sound/genres/jazz/jazz.00013.wav
917,/Users/georgetzanetakis/data/sound/genres/jazz/jazz.00007.wav
918,/Users/georgetzanetakis/data/sound/genres/jazz/jazz.00006.wav
919,/Users/georgetzanetakis/data/sound/genres/jazz/jazz.00012.wav
920,/Users/georgetzanetakis/data/sound/genres/jazz/jazz.00075.wav
921,/Users/georgetzanetakis/data/sound/genres/jazz/jazz.00061.wav
922,/Users/georgetzanetakis/data/sound/genres/jazz/jazz.00049.wav
923,/Users/georgetzanetakis/data/sound/genres/jazz/jazz.00048.wav
924,/Users/georgetzanetakis/data/sound/genres/jazz/jazz.00060.wav
925,/Users/georgetzanetakis/data/sound/genres/jazz/jazz.00074.wav
926,/Users/georgetzanetakis/data/sound/genres/jazz/jazz.00062.wav
927,/Users/georgetzanetakis/data/sound/genres/jazz/jazz.00076.wav
928,/Users/georgetzanetakis/data/sound/genres/jazz/jazz.00089.wav
929,/Users/georgetzanetakis/data/sound/genres/jazz/jazz.00088.wav
930,/Users/georgetzanetakis/data/sound/genres/jazz/jazz.00077.wav
931,/Users/georgetzanetakis/data/sound/genres/jazz/jazz.00063.wav
932,/Users/georgetzanetakis/data/sound/genres/jazz/jazz.00067.wav
933,/Users/georgetzanetakis/data/sound/genres/jazz/jazz.00073.wav
934,/Users/georgetzanetakis/data/sound/genres/jazz/jazz.00098.wav
935,/Users/georgetzanetakis/data/sound/genres/jazz/jazz.00099.wav
936,/Users/georgetzanetakis/data/sound/genres/jazz/jazz.00072.wav
937,/Users/georgetzanetakis/data/sound/genres/jazz/jazz.00066.wav
938,/Users/georgetzanetakis/data/sound/genres/jazz/jazz.00058.wav
939,/Users/georgetzanetakis/data/sound/genres/jazz/jazz.00070.wav
940,/Users/georgetzanetakis/data/sound/genres/jazz/jazz.00064.wav
941,/Users/georgetzanetakis/data/sound/genres/jazz/jazz.00065.wav
942,/Users/georgetzanetakis/data/sound/genres/jazz/jazz.00071.wav
943,/Users/georgetzanetakis/data/sound/genres/jazz/jazz.00059.wav
944,/Users/georgetzanetakis/data/sound/genres/jazz/jazz.00054.wav
945,/Users/georgetzanetakis/data/sound/genres/jazz/jazz.00040.wav
946,/Users/georgetzanetakis/data/sound/genres/jazz/jazz.00068.wav
947,/Users/georgetzanetakis/data/sound/genres/jazz/jazz.00097.wav
948,/Users/georgetzanetakis/data/sound/genres/jazz/jazz.00083.wav
949,/Users/georgetzanetakis/data/sound/genres/jazz/jazz.00082.wav
950,/Users/georgetzanetakis/data/sound/genres/jazz/jazz.00096.wav
951,/Users/georgetzanetakis/data/sound/genres/jazz/jazz.00069.wav
952,/Users/georgetzanetakis/data/sound/genres/jazz/jazz.00041.wav
953,/Users/georgetzanetakis/data/sound/genres/jazz/jazz.00055.wav
954,/Users/georgetzanetakis/data/sound/genres/jazz/jazz.00043.wav
955,/Users/georgetzanetakis/data/sound/genres/jazz/jazz.00057.wav
956,/Users/georgetzanetakis/data/sound/genres/jazz/jazz.00080.wav
957,/Users/georgetzanetakis/data/sound/genres/jazz/jazz.00094.wav
958,/Users/georgetzanetakis/data/sound/genres/jazz/jazz.00095.wav
959,/Users/georgetzanetakis/data/sound/genres/jazz/jazz.00081.wav
960,/Users/georgetzanetakis/data/sound/genres/jazz/jazz.00056.wav
961,/Users/georgetzanetakis/data/sound/genres/jazz/jazz.00042.wav
962,/Users/georgetzanetakis/data/sound/genres/jazz/jazz.00046.wav
963,/Users/georgetzanetakis/data/sound/genres/jazz/jazz.00052.wav
964,/Users/georgetzanetakis/data/sound/genres/jazz/jazz.00085.wav
965,/Users/georgetzanetakis/data/sound/genres/jazz/jazz.00091.wav
966,/Users/georgetzanetakis/data/sound/genres/jazz/jazz.00090.wav
967,/Users/georgetzanetakis/data/sound/genres/jazz/jazz.00084.wav
968,/Users/georgetzanetakis/data/sound/genres/jazz/jazz.00053.wav
969,/Users/georgetzanetakis/data/sound/genres/jazz/jazz.00047.wav
970,/Users/georgetzanetakis/data/sound/genres/jazz/jazz.00079.wav
971,/Users/georgetzanetakis/data/sound/genres/jazz/jazz.00051.wav
972,/Users/georgetzanetakis/data/sound/genres/jazz/jazz.00045.wav
973,/Users/georgetzanetakis/data/sound/genres/jazz/jazz.00092.wav
974,/Users/georgetzanetakis/data/sound/genres/jazz/jazz.00086.wav
975,/Users/georgetzanetakis/data/sound/genres/jazz/jazz.00087.wav
976,/Users/georgetzanetakis/data/sound/genres/jazz/jazz.00093.wav
977,/Users/georgetzanetakis/data/sound/genres/jazz/jazz.00044.wav
978,/Users/georgetzanetakis/data/sound/genres/jazz/jazz.00050.wav
979,/Users/georgetzanetakis/data/sound/genres/jazz/jazz.00078.wav
980,/Users/georgetzanetakis/data/sound/genres/jazz/jazz.00037.wav
981,/Users/georgetzanetakis/data/sound/genres/jazz/jazz.00023.wav
982,/Users/georgetzanetakis/data/sound/genres/jazz/jazz.00022.wav
983,/Users/georgetzanetakis/data/sound/genres/jazz/jazz.00036.wav
984,/Users/georgetzanetakis/data/sound/genres/jazz/jazz.00020.wav
985,/Users/georgetzanetakis/data/sound/genres/jazz/jazz.00034.wav
986,/Users/georgetzanetakis/data/sound/genres/jazz/jazz.00008.wav
987,/Users/georgetzanetakis/data/sound/genres/jazz/jazz.00009.wav
988,/Users/georgetzanetakis/data/sound/genres/jazz/jazz.00035.wav
989,/Users/georgetzanetakis/data/sound/genres/jazz/jazz.00021.wav
990,/Users/georgetzanetakis/data/sound/genres/jazz/jazz.00019.wav
991,/Users/georgetzanetakis/data/sound/genres/jazz/jazz.00025.wav
992,/Users/georgetzanetakis/data/sound/genres/jazz/jazz.00031.wav
993,/Users/georgetzanetakis/data/sound/genres/jazz/jazz.00030.wav
994,/Users/georgetzanetakis/data/sound/genres/jazz/jazz.00024.wav
995,/Users/georgetzanetakis/data/sound/genres/jazz/jazz.00018.wav
996,/Users/georgetzanetakis/data/sound/genres/jazz/jazz.00032.wav
997,/Users/georgetzanetakis/data/sound/genres/jazz/jazz.00026.wav
998,/Users/georgetzanetakis/data/sound/genres/jazz/jazz.00027.wav
999,/Users/georgetzanetakis/data/sound/genres/jazz/jazz.00033.wav
